date,avg_reddit_sentiment
2024-05-20,-0.3182
2024-05-21,0.43946666666666667
2024-05-22,-0.29116
2024-05-23,-0.233875
2024-05-24,0.053585714285714285
2024-05-25,0.357225
2024-05-26,0.0
2024-05-28,-0.36610000000000004
2024-05-29,0.20630000000000004
2024-05-30,-0.0867
2024-05-31,0.002474999999999991
2024-06-01,0.18574000000000002
2024-06-02,0.3615333333333333
2024-06-03,0.018366666666666673
2024-06-04,0.06313333333333333
2024-06-05,-0.12018571428571427
