date,avg_reddit_sentiment,close
2024-05-20,-0.3182,
2024-05-21,0.43946666666666667,22529.05078125
2024-05-22,-0.29116,22597.80078125
2024-05-23,-0.233875,22967.650390625
2024-05-24,0.053585714285714285,22957.099609375
2024-05-25,0.357225,22957.099609375
2024-05-26,0.0,22957.099609375
2024-05-28,-0.36610000000000004,22888.150390625
2024-05-29,0.20630000000000004,22704.69921875
2024-05-30,-0.0867,22488.650390625
2024-05-31,0.002474999999999991,22530.69921875
2024-06-01,0.18574000000000002,22530.69921875
2024-06-02,0.3615333333333333,22530.69921875
2024-06-03,0.018366666666666673,23263.900390625
2024-06-04,0.06313333333333333,21884.5
2024-06-05,-0.12018571428571427,22620.349609375
